n,tiempo_busqueda_us,comparaciones_busqueda,log2_n,tiempo_mergesort_us,comparaciones_mergesort,n_log2_n
1000,0.0479239,17.0045,9.96578,30.6368,5044,9965.78
5000,0.0617805,21.627,12.2877,189.803,32004,61438.6
10000,0.063091,23.649,13.2877,330.597,69008,132877.0
20000,0.070039,25.815,14.2877,672.314,148016,285754.0
50000,0.077966,28.289,15.6096,1714.7,401952,780482.0
100000,0.0917915,30.32,16.6096,3493.08,853904,1660960.0
200000,0.09524,32.311,17.6096,7244.18,1807810,3521930.0
500000,0.112004,34.771,18.9316,18158.4,4783220,9465780.0
1000000,0.13923,36.725,19.9316,37324.4,10066400,19931600.0
